3;1;0;-1;75
3;2;0;0.1;73
3;3;0;0.8;63
3;4;0;-0.1;71
3;5;0;2.4;74
3;6;0;-1;95
3;7;0;2.3;91
3;8;0.6;0.4;99
3;9;0.4;-1.5;100
3;10;0;-1.1;99
3;11;0;0.3;94
3;12;3.8;0.5;72
3;13;0;2;95
3;14;3.4;4.2;83
3;15;2.5;5.8;96
3;16;0;7.8;83
3;17;7.7;8;90
3;18;4.3;5.6;100
3;19;0;1.6;75
3;20;0;0.8;84
3;21;0;1.7;85
3;22;0;3.1;85
3;23;0;1.6;90
3;24;0;4.5;80
3;25;0;2.4;88
3;26;0;1.4;90
3;27;0;-1.4;64
3;28;0;0.5;53
3;29;0;5.9;39
3;30;0;9.6;43
3;31;0;9.6;66
3;32;0;7.1;90
3;33;3.1;7;96
3;34;0;6.4;97
3;35;0;8.8;79
3;36;0;10;77
3;37;0;5.7;74
3;38;3.6;8.4;58
3;39;2.4;5.5;96
3;40;6.2;2.6;99
3;41;0;4.3;74
3;42;0;4.3;73
3;43;1.4;-1.1;77
3;44;0;-1.8;78
3;45;0;-1.7;76
3;46;0.5;-2.1;79
3;47;0;-0.4;82
3;48;0;2.5;69
3;49;0;5.4;60
3;50;0;8.2;57
3;51;0;9.5;57
3;52;0;11.6;55
3;53;0;11.6;52
3;54;0;11.5;51
3;55;1;3.8;92
3;56;3.1;7.2;81
3;57;0;12.3;60
3;58;0;12.7;52
3;59;0;13.1;46
3;60;0;10.6;61
3;61;0;11.9;63
3;62;0;13.4;62
3;63;6.3;14.6;67
3;64;2.7;11.6;82
3;65;0;12.1;80
3;66;4.5;14.1;83
3;67;0.5;14.5;87
3;68;2.7;12;79
3;69;0;13.6;70
3;70;0;11.7;68
3;71;0;13.3;59
3;72;0;19.8;47
3;73;0.2;15.4;79
3;74;0;12.8;71
3;75;0;16.9;61
3;76;1.4;12.9;86
3;77;0;12.3;83
3;78;0.7;14.6;75
3;79;13.4;14.2;87
3;80;0.7;10.7;92
3;81;0;8.4;79
3;82;1.9;7.9;87
3;83;0;8.7;76
3;84;0.3;11.5;82
3;85;7.6;12.8;93
3;86;9.5;13.2;93
3;87;0;12.1;75
3;88;0;10.9;81
3;89;0;12.2;83
3;90;0.3;14.7;91
3;91;0;20;68
3;92;4.4;18.3;74
3;93;0;14.7;81
3;94;0;16;71
3;95;0;16.1;67
3;96;0;17.8;58
3;97;0;19.9;43
3;98;0.3;18.7;66
3;99;0;19.7;63
3;100;0;21.5;53
3;101;0;23.2;56
3;102;0;24.9;54
3;103;5.9;22.3;72
3;104;0;17.8;73
3;105;0;21.1;68
3;106;10.9;23.5;62
3;107;0;16.3;72
3;108;4.7;19.8;66
3;109;0;20;75
3;110;5.9;20.6;70
3;111;0;17.3;69
3;112;0;16.6;64
3;113;0;16.5;66
3;114;0;16.4;65
3;115;0;18;60
3;116;0;16.4;71
3;117;1.9;17.4;83
3;118;1;15.1;73
3;119;0;12.9;78
3;120;0;16;65
3;121;7.5;20.7;68
3;122;0;17.3;69
3;123;0;15.4;73
3;124;0;15.1;80
3;125;0;18.2;59
3;126;0;19.5;53
3;127;0;21.6;52
3;128;0.1;19.8;62
3;129;0.3;17.7;81
3;130;1.5;16.5;78
3;131;4.5;15.1;86
3;132;6;15.3;83
3;133;0.9;13.6;100
3;134;2.8;14.3;88
3;135;0;15.7;73
3;136;0.8;17.3;67
3;137;0;16.6;78
3;138;0;15.1;74
3;139;1.2;19.7;62
3;140;0;16.4;74
3;141;0;15.9;70
3;142;0;19.7;57
3;143;0;21.7;60
3;144;0.7;24.3;55
3;145;2.4;21.9;71
3;146;0;20.2;72
3;147;0;23.3;55
3;148;0;24.9;48
3;149;0.8;23.8;63
3;150;0.8;21.9;74
3;151;2.6;21.2;66
3;152;0.2;21.1;71
3;153;0.6;19.8;73
3;154;1.7;19.4;82
3;155;6.1;23;76
3;156;0.1;19;79
3;157;0.1;18.8;74
3;158;0;20.2;61
3;159;0;21.1;64
3;160;0;23.7;69
3;161;0;25.6;58
3;162;0;25.5;64
3;163;0;24.5;59
3;164;0;22.9;53
3;165;0;21.9;57
3;166;0;22.9;50
3;167;0;25.3;40
4;1;0;-1.6;86
4;2;1.4;-1.2;73
4;3;1.4;-0.9;92
4;4;0;-2.8;87
4;5;0.2;-2.5;92
4;6;0;-2.3;83
4;7;0;-3.2;94
4;8;2.5;-1.7;95
4;9;0.1;1.9;98
4;10;0;1.3;81
4;11;0;-2.5;79
4;12;0;-2.3;72
4;13;0.7;-2.8;80
4;14;0.2;-1;91
4;15;0.2;-0.8;88
4;16;1.5;-0.7;99
4;17;1.4;-0.7;100
4;18;0;1.3;97
4;19;0;2.8;85
4;20;2;5.7;85
4;21;0;7.6;84
4;22;0;9.1;78
4;23;0;10.4;89
4;24;0;12.4;77
4;25;0;11.2;86
4;26;3.3;11.4;78
4;27;9.5;8.7;93
4;28;0.1;8.3;71
4;29;2.1;4.9;88
4;30;0;3.9;85
4;31;0;3.7;85
4;32;0;1.1;79
4;33;0;-0.7;88
4;34;0;0.3;76
4;35;0;3.3;80
4;36;0;6.2;72
4;37;0;8;69
4;38;0;7.6;67
4;39;0;8.4;71
4;40;0;9;52
4;41;0.7;8.7;69
4;42;1;8.3;86
4;43;1.7;6.3;87
4;44;2.1;4.6;94
4;45;0.9;4.4;89
4;46;2.8;3.5;97
4;47;2.7;4;100
4;48;1;4.1;98
4;49;0;4.7;79
4;50;0;4.4;98
4;51;0;6.9;87
4;52;0;8.6;63
4;53;0;10.5;57
4;54;0;12.1;62
4;55;0;11.4;76
4;56;0.1;12.1;80
4;57;7.8;8.6;95
4;58;0;9.9;73
4;59;0;12.9;65
4;60;0.5;15.3;67
4;61;7.5;9.3;95
4;62;2.3;6.8;100
4;63;0.7;9.3;84
4;64;0.6;10.5;89
4;65;0;10.9;83
4;66;0;11.4;65
4;67;0;13.1;59
4;68;0;15.3;60
4;69;0;16;73
4;70;0.3;11.9;100
4;71;4.4;13.9;77
4;72;0;14.1;83
4;73;9.7;13.1;94
4;74;10.3;12.5;98
4;75;10.3;9.9;99
4;76;0;8.7;86
4;77;0.1;8.7;96
4;78;0.4;12.8;93
4;79;0.1;12.7;92
4;80;1.1;8.9;97
4;81;0.2;6.9;99
4;82;0;8.2;83
4;83;1.1;10.1;95
4;84;0;11.2;86
4;85;0;13.5;83
4;86;0;14.8;74
4;87;0;14.1;66
4;88;0;12.4;69
4;89;2.2;9.1;87
4;90;2.1;6.7;78
4;91;4.1;6.4;86
4;92;0.1;7.3;86
4;93;1;9.3;87
4;94;0.2;8.8;75
4;95;0;8.6;92
4;96;0;11.5;76
4;97;0;14.4;58
4;98;0;16.4;52
4;99;1.8;15.9;62
4;100;1.8;13.9;87
4;101;0.1;14.2;87
4;102;0;17;59
4;103;14.8;13.8;81
4;104;7.9;12.8;97
4;105;0;14.4;84
4;106;0;17;77
4;107;0;19.6;77
4;108;15;15.9;91
4;109;1.2;18.5;87
4;110;0.3;17.7;86
4;111;0;13.8;85
4;112;0;13.9;87
4;113;0;14.5;83
4;114;3.9;16.3;87
4;115;0;11.9;74
4;116;6.1;12.8;88
4;117;0.1;13;89
4;118;3.7;11.9;86
4;119;0;12.6;70
4;120;0.4;13.4;76
4;121;1.3;13.9;88
4;122;9.8;15.1;94
4;123;0;14.6;68
4;124;1.1;11.8;90
4;125;0;13.3;78
4;126;0.1;15.6;79
4;127;0;15.8;78
4;128;0.1;13.4;82
4;129;0;15.7;78
4;130;4.5;15.2;86
4;131;0;13.9;81
4;132;1.6;13.1;86
4;133;1.6;14.9;75
4;134;0;14.2;86
4;135;0;14;73
4;136;0;17.5;55
4;137;13.6;16.8;89
4;138;0;17.2;81
4;139;3.6;13.5;88
4;140;2.2;13.9;75
4;141;3.9;12.3;97
4;142;0.3;12.3;90
4;143;1.8;13.7;80
4;144;3.8;15.9;87
4;145;1.2;16.2;98
4;146;2.9;20.7;77
4;147;15.8;21.7;76
4;148;0;18.9;83
4;149;2.2;19.6;86
4;150;0;19.4;85
4;151;6.9;16.3;100
4;152;0.3;20.3;82
4;153;0;18.7;81
4;154;3.7;16.1;80
4;155;0;13.3;92
4;156;0;13.9;85
4;157;0;16.2;74
4;158;0;17.8;67
4;159;0;20.7;62
4;160;5;21.5;64
4;161;0;19.4;78
4;162;0;19.2;76
4;163;0;20;74
4;164;0;22;66
4;165;0;23;65
4;166;0;21.8;60
4;167;0;21.4;59
4;168;0;22.3;56
5;1;2;-1.7;97
5;2;0.2;-4;91
5;3;0.9;-1.4;97
5;4;2.6;-2.4;94
5;5;0;-7.3;81
5;6;0.8;-7.9;84
5;7;1.2;-5.4;73
5;8;0;-3.6;58
5;9;0;-3.7;79
5;10;0;-3.9;86
5;11;0.1;-5.1;84
5;12;0;-4.9;83
5;13;0;-2.4;83
5;14;0;0.8;86
5;15;0.1;-1.5;88
5;16;0;-4.2;80
5;17;6.2;0.4;86
5;18;1.1;0.7;85
5;19;0.1;0.6;83
5;20;0.1;1.6;75
5;21;0;4.5;68
5;22;0;11.5;61
5;23;0.8;11.9;72
5;24;3;9.9;91
5;25;0;1.4;80
5;26;0;-0.6;69
5;27;0;0.6;62
5;28;0;3.7;59
5;29;1.4;8;83
5;30;0;9.6;85
5;31;5.2;9.9;84
5;32;0.1;9.1;95
5;33;0;7.5;95
5;34;0;6.2;75
5;35;0;6.5;67
5;36;0;6;58
5;37;0;4.1;58
5;38;0;4.9;53
5;39;0;7.1;47
5;40;0;10.4;38
5;41;0;12.3;38
5;42;1.3;7.7;75
5;43;2.8;9.1;69
5;44;5.8;9.8;79
5;45;0.8;6.6;82
5;46;1.1;3.2;83
5;47;0.1;3.7;84
5;48;0;7.2;82
5;49;0;9.8;81
5;50;0;10.8;74
5;51;0;12.7;62
5;52;0;14;61
5;53;0;13.7;65
5;54;0.4;12.5;77
5;55;0;11.2;77
5;56;0;8.8;63
5;57;0;5;48
5;58;0;3.2;49
5;59;0;6;55
5;60;0;7.4;54
5;61;0.6;8.5;51
5;62;0;9.2;51
5;63;0;11.1;48
5;64;4.2;9.7;85
5;65;0;10.1;69
5;66;0;11.9;62
5;67;0;14.4;68
5;68;0;18.5;61
5;69;0;21.5;51
5;70;0;17;77
5;71;3.4;13;84
5;72;1;9.5;71
5;73;5.6;7.2;89
5;74;21.8;5.4;94
5;75;0.9;6;82
5;76;1.8;5.2;84
5;77;7.9;5;88
5;78;6.6;5.8;87
5;79;0;6.5;84
5;80;0;10.6;66
5;81;15;10.1;81
5;82;1.7;9.2;88
5;83;1.4;10.6;71
5;84;1.1;6;89
5;85;0;8;69
5;86;0;9.4;61
5;87;0;13.1;59
5;88;2.1;16.2;68
5;89;0.2;15.7;81
5;90;4.8;14.2;89
5;91;0;14.2;71
5;92;0;16.9;63
5;93;0;20.3;60
5;94;0;23;55
5;95;0;25.2;51
5;96;6.9;20.2;60
5;97;2.3;12.9;95
5;98;0.7;9.8;80
5;99;0;8.3;74
5;100;0;11.6;75
5;101;0;19.1;66
5;102;0;16.2;64
5;103;3.4;12.2;85
5;104;0.8;9.7;79
5;105;0;9.2;71
5;106;0;9.7;70
5;107;0;12.5;56
5;108;1.6;11.7;79
5;109;0;8.9;73
5;110;0.4;9.4;73
5;111;0;12.4;63
5;112;0;17.2;66
5;113;0;19.3;58
5;114;0;19.9;60
5;115;0.2;18.4;74
5;116;0;16.2;59
5;117;0;18;61
5;118;0;19.7;58
5;119;12.4;22.4;50
5;120;0;17.2;68
5;121;0;19.7;57
5;122;0;22.8;55
5;123;0.9;21.5;71
5;124;0;17.9;64
5;125;0;17.9;56
5;126;0;17.3;58
5;127;0;18.5;56
5;128;1;16.8;71
5;129;0.1;15.9;87
5;130;0;17.6;74
5;131;0;20.9;59
5;132;4.1;23;49
5;133;8.5;12.2;92
5;134;0.4;11.9;92
5;135;2;14.1;88
5;136;12.9;13.5;94
5;137;1.6;15.3;93
5;138;0;20.1;67
5;139;0;20.5;59
5;140;0;22.3;57
5;141;0;22.8;53
5;142;1.6;21.3;66
5;143;0.1;22.1;61
5;144;0;18;65
5;145;0;16.5;63
5;146;0.5;20;60
5;147;0.3;18.4;70
5;148;2.1;15.4;69
5;149;38.9;12;93
5;150;2.4;14.1;91
5;151;0.3;12.3;89
5;152;0;16.7;71
5;153;5;18.1;80
5;154;0.1;17.1;84
5;155;5;17.5;75
5;156;0.1;22.5;75
5;157;21.3;22.8;77
5;158;1;19.7;-999
5;159;0;19.7;-999
5;160;0;16.1;64
5;161;0;15.9;68
5;162;5.7;14.7;92
5;163;0;15;76
5;164;9;15;76
5;165;6.8;12.7;86
5;166;3.6;11.1;84
5;167;0.2;12.1;83
6;1;0;-1.8;79
6;2;0;-1.8;79
6;3;0;-3.2;84
6;4;0.2;-2.7;85
6;5;0.8;-4.3;86
6;6;0.8;-2;89
6;7;1.1;-0.5;86
6;8;0;-1.4;74
6;9;0;-1.7;78
6;10;0;-1.4;75
6;11;2.2;-1.1;82
6;12;0.8;-2.6;93
6;13;0.1;-1.4;87
6;14;1;-1.9;79
6;15;4;-1.2;94
6;16;3.2;0.3;96
6;17;2;-3.2;95
6;18;0.2;-4.7;89
6;19;0;-5.5;86
6;20;0;-4.3;78
6;21;0;-2.7;89
6;22;0;-0.1;87
6;23;0;-0.2;88
6;24;0;-1.6;96
6;25;0;-0.5;92
6;26;0;1.8;87
6;27;0;0.4;73
6;28;0;-0.6;69
6;29;0;0.2;64
6;30;4.4;1.4;62
6;31;1.1;5;93
6;32;8.4;8.8;93
6;33;2.4;12.6;86
6;34;0.8;9.9;76
6;35;1.2;6.9;81
6;36;5.1;7.4;90
6;37;4.8;10.3;85
6;38;0.5;9.7;82
6;39;3.3;9;81
6;40;2.3;5.7;88
6;41;3.5;3.8;82
6;42;0;2.5;70
6;43;0;3.4;74
6;44;0;6.4;65
6;45;0;8.2;56
6;46;0;6.3;63
6;47;0;4.6;73
6;48;0;3.2;74
6;49;0.6;4.1;86
6;50;3;6.1;89
6;51;0;7.5;74
6;52;1.1;7.9;69
6;53;2;10.6;90
6;54;0.8;8.7;86
6;55;1.4;9.2;72
6;56;0;9.9;73
6;57;0;12.1;60
6;58;0;14;61
6;59;5.4;10.5;87
6;60;0.1;9.2;85
6;61;0;9.8;85
6;62;0.6;13.9;69
6;63;5.8;15.4;74
6;64;0;12.2;96
6;65;2.2;9.1;72
6;66;0.7;5.2;89
6;67;0.7;5.5;81
6;68;0;9.3;65
6;69;0;12.5;66
6;70;0;15.6;59
6;71;0;15.9;60
6;72;0;15.5;52
6;73;1.1;15.2;46
6;74;0;16.3;45
6;75;0;16.5;48
6;76;0;16.8;51
6;77;0;15.5;44
6;78;0;16.4;45
6;79;0;18.7;43
6;80;1.3;15;70
6;81;0;11;78
6;82;0.8;11.8;60
6;83;0;16.6;65
6;84;0;13.4;72
6;85;10.3;13.7;88
6;86;2;12.7;82
6;87;6.4;11.6;81
6;88;0;12.1;80
6;89;4.1;15.2;77
6;90;1.7;12.3;74
6;91;0.9;10.4;72
6;92;6.2;9.7;87
6;93;3.8;10.4;78
6;94;11.8;11.7;92
6;95;1;11.4;81
6;96;3.7;9.4;85
6;97;3.9;8;86
6;98;25.8;8.6;91
6;99;1.2;8.1;81
6;100;0;11.4;69
6;101;3.6;10.1;90
6;102;0;9.3;78
6;103;0.1;8.6;77
6;104;0.8;10.7;84
6;105;0;13.4;64
6;106;0;15.7;58
6;107;0;17.1;66
6;108;0;18;62
6;109;0;19;50
6;110;0;22.4;49
6;111;0;23.7;44
6;112;0;24.2;49
6;113;1.8;20.2;78
6;114;22;19.4;84
6;115;0;13.7;84
6;116;0;17.9;70
6;117;4.4;20.8;73
6;118;0.1;22.3;73
6;119;0;21.7;74
6;120;0;18.7;66
6;121;0;15.6;62
6;122;0;19.4;57
6;123;27.4;24.2;59
6;124;0;21.5;72
6;125;0;19.8;71
6;126;0;16.2;77
6;127;0;16.6;68
6;128;0;15;76
6;129;0;20;62.38
6;130;0;21.1;48
6;131;0;21.4;43
6;132;0;22.4;46
6;133;0;24.2;47
6;134;19.3;23.8;59
6;135;14.2;21.7;78
6;136;0.7;19.2;88
6;137;0.1;21.9;69
6;138;0;22;67
6;139;0;24;59
6;140;0;22.1;72
6;141;0;23.8;68
6;142;0;18.7;64
6;143;0;18.4;59
6;144;0;19.4;49
6;145;0;21.3;48
6;146;0;25.1;36
6;147;0;26.2;36
6;148;0;28.6;34
6;149;0;25.9;51
6;150;0;24.5;48
6;151;0;24.3;55
6;152;0;24.1;57
6;153;0;24.8;51
6;154;0;26.2;45
6;155;0.1;26.3;43
6;156;21.5;25.4;54
6;157;0.9;21.8;79
6;158;0;24;61
6;159;0;21.3;67
6;160;0.1;19.7;60
6;161;2;16.3;76
6;162;0;16.8;68
6;163;0;18.1;63
6;164;15.8;16.4;87
6;165;5.6;17.3;92
6;166;0;19.8;63
6;167;0;17.8;68
7;1;0;0.5;93
7;2;0;3.2;83
7;3;1.5;6.3;86
7;4;7.3;5;90
7;5;6.2;3.4;84
7;6;1.4;7.2;84
7;7;4.7;7;83
7;8;3.6;5;84
7;9;4;1.9;94
7;10;0;4.4;85
7;11;0.1;6;78
7;12;0.7;7.1;75
7;13;0;8.9;76
7;14;1.2;5.9;88
7;15;4.2;6.5;81
7;16;0;5.4;81
7;17;0;8.5;70
7;18;0;10.5;70
7;19;0;11.8;68
7;20;0;7.3;75
7;21;0;7;74
7;22;0.5;7.4;75
7;23;1.9;7.3;85
7;24;5.7;6.2;83
7;25;0;2.4;75
7;26;0.8;2;82
7;27;6.2;1;94
7;28;8.7;0.6;98
7;29;6.7;4;88
7;30;0;9;68
7;31;0;8.6;63
7;32;0;8.3;61
7;33;0;8.6;57
7;34;0;9.3;59
7;35;0;9.1;60
7;36;0;7.5;71
7;37;0;9.5;61
7;38;0;10.2;48
7;39;0;10.9;50
7;40;1.8;5.3;80
7;41;0;4.5;59
7;42;0;6.1;75
7;43;0;7.9;78
7;44;0;7.3;64
7;45;0;7.7;78
7;46;0;10.2;68
7;47;0;10.9;75
7;48;0;11;72
7;49;0;12.6;68
7;50;0;14.5;58
7;51;0;15.1;46
7;52;0;15.1;49
7;53;0;17.1;42
7;54;0;14;56
7;55;0;7.7;60
7;56;0;9.7;56
7;57;0;6.3;55
7;58;0;6.3;56
7;59;0;10.2;47
7;60;0.1;15.9;43
7;61;0;14.9;74
7;62;0;16.8;66
7;63;0;17;46
7;64;0;19.3;43
7;65;0;18.3;50
7;66;0;9.5;47
7;67;0;10;49
7;68;0;8.6;42
7;69;0;12.3;40
7;70;0;14.2;46
7;71;0;14.7;33
7;72;0;16.3;33
7;73;0;17.4;41
7;74;15.5;12.7;81
7;75;6;10.6;85
7;76;7.3;11.2;75
7;77;3.6;12.4;88
7;78;2.2;12.5;81
7;79;9.9;10.7;87
7;80;4.4;15;77
7;81;10.6;16;75
7;82;7.8;10.2;92
7;83;10.5;11.1;76
7;84;0;9;71
7;85;0;11;64
7;86;0;16.8;71
7;87;0;20.3;64
7;88;0;23.1;56
7;89;0;21.7;71
7;90;0;16.8;80
7;91;0;19.4;70
7;92;7.1;22.1;67
7;93;9.5;19.3;84
7;94;1.2;17.7;84
7;95;1.7;15.8;90
7;96;7.8;15.4;92
7;97;0;11.8;73
7;98;0;14.2;63
7;99;0;16.3;70
7;100;0;15.2;84
7;101;0.3;14.3;92
7;102;0.7;15.2;93
7;103;0.8;16.3;90
7;104;0;19.5;79
7;105;0;22.4;69
7;106;0;23.4;59
7;107;0;23.7;55
7;108;0;22.7;53
7;109;0;23.4;51
7;110;11;21.7;60
7;111;0;19.3;73
7;112;2.9;22.1;61
7;113;21.4;21.4;78
7;114;2.3;17;80
7;115;1.6;18.2;65
7;116;2.4;17.2;81
7;117;0;18.9;71
7;118;10.3;21.4;68
7;119;33.7;15.6;97
7;120;1.2;15.7;83
7;121;1.1;14.8;86
7;122;0;17.3;74
7;123;2.2;19.2;74
7;124;3.9;13.9;79
7;125;1.9;11.5;71
7;126;1.2;13.3;74
7;127;0.9;14.4;76
7;128;1.5;15.3;76
7;129;0;18.6;72
7;130;1.5;17.7;85
7;131;0.4;15.8;77
7;132;34.1;13.4;90
7;133;3.6;14.4;86
7;134;0.4;15.1;76
7;135;0.3;15.9;70
7;136;0.6;16.5;64
7;137;14.6;14;82
7;138;13;13;87
7;139;7;12.9;85
7;140;0.4;14.6;84
7;141;0.8;17.9;78
7;142;0;23.3;65
7;143;0;26.6;54
7;144;4.8;28.9;43
7;145;0;23.4;60
7;146;0;22;55
7;147;0;20.8;60
7;148;0;21.3;67
7;149;64.1;20.3;69
7;150;4.5;16;90
7;151;0.2;17.7;71
7;152;5.1;16.9;74
7;153;0;16.4;72
7;154;0;20.1;61
7;155;2.4;18.9;61
7;156;7.4;15.9;86
7;157;16;13.3;90
7;158;0.9;12.5;79
7;159;0;13.6;72
7;160;0;14.9;70
7;161;6;16.9;74
7;162;0;16;75
7;163;0;16.9;67
7;164;0;19.7;60
7;165;0;20.3;59
7;166;14.4;21.2;68
7;167;0.5;18.7;90
8;1;0;7.5;69
8;2;1.4;7.6;80
8;3;0.7;5.5;82
8;4;2;8.4;82
8;5;0.3;6;74
8;6;0;5;76
8;7;8.5;5.6;80
8;8;3.8;5.6;86
8;9;2;6.7;79
8;10;1.2;4.9;76
8;11;0.6;2;78
8;12;0;0;63
8;13;0;3.1;69
8;14;0.5;6.9;83
8;15;0;5.9;89
8;16;0;6.2;76
8;17;0;8.7;65
8;18;1.8;8.2;69
8;19;4.4;6.4;79
8;20;2.1;5.1;75
8;21;0.7;4.5;82
8;22;0;5.4;76
8;23;7;4.1;93
8;24;1.6;2.4;84
8;25;0.4;0.5;84
8;26;2.7;0.5;86
8;27;6.5;0.7;91
8;28;5.7;2.3;94
8;29;2.5;0.7;98
8;30;0;-1.6;82
8;31;0.1;-0.3;69
8;32;1.3;-0.9;91
8;33;0.8;0.3;85
8;34;0;2.2;80
8;35;2.7;5.4;73
8;36;0.9;6.7;74
8;37;0;9;56
8;38;0;10.3;65
8;39;1;10.2;71
8;40;12.6;6.4;92
8;41;2.4;6.4;93
8;42;0;5.7;88
8;43;9.6;5.9;90
8;44;0;3.5;84
8;45;0.6;3;88
8;46;0.3;4.4;79
8;47;10.1;3.1;90
8;48;1.1;3.1;97
8;49;7.2;4.8;100
8;50;0;8.1;75
8;51;1.2;9;73
8;52;1.4;8.5;88
8;53;12.5;5.6;98
8;54;0;5.2;82
8;55;6.4;3.6;93
8;56;0.4;5.2;92
8;57;0;5.6;80
8;58;0;7.8;68
8;59;0;10;68
8;60;0;11;58
8;61;0;9.9;62
8;62;0.3;12.7;48
8;63;0.8;9.6;82
8;64;0;11.3;65
8;65;0;13.7;54
8;66;2.6;15.9;49
8;67;17.2;11.6;97
8;68;0.2;12.1;83
8;69;0;11.8;70
8;70;1.5;10.5;75
8;71;0;11.2;70
8;72;0;12.3;60
8;73;0;13.9;73
8;74;0;14.6;59
8;75;0;15.4;53
8;76;0;16.2;52
8;77;0;16.4;47
8;78;0;16.6;50
8;79;0;17.8;46
8;80;0;18.6;42
8;81;0;14.3;72
8;82;0;14.2;61
8;83;0;15.8;61
8;84;9.4;14.4;87
8;85;0.1;14.3;91
8;86;0;10.8;80
8;87;0;10.6;71
8;88;0;11.5;60
8;89;0;12.4;52
8;90;0;12.9;62
8;91;0;14.2;62
8;92;0;14.4;57
8;93;0;15.6;58
8;94;0;15.7;74
8;95;0;14.2;75
8;96;0;18.1;52
8;97;0;19.6;44
8;98;0;22.4;48
8;99;0;23.3;49
8;100;0;22.4;54
8;101;0;23.9;47
8;102;14;21;-999
8;103;0;20.7;53
8;104;0;18.9;49
8;105;0;18.8;49
8;106;0;20.4;46
8;107;0;20.4;48
8;108;0;21.2;43
8;109;0;20.7;50
8;110;0;14.9;60
8;111;7.6;13.1;63
8;112;2.9;11.1;85
8;113;1.9;11.1;78
8;114;0.4;12.2;77
8;115;0;13;68
8;116;0;14.8;54
8;117;0;18.3;47
8;118;2.7;19;59
8;119;0.9;17.3;62
8;120;0.2;16.2;68
8;121;4.6;22.4;60
8;122;0;18.4;61
8;123;0;15.4;54
8;124;2;18.1;70
8;125;0;19.3;55
8;126;0.1;16.4;61
8;127;1;16.4;76
8;128;0;19.8;60
8;129;0;19.3;51
8;130;0;20.9;42
8;131;0;24;40
8;132;11.3;23.7;55
8;133;17.5;15.6;91
8;134;0;16.9;73
8;135;0.6;20.5;59
8;136;0.5;17.5;71
8;137;0.6;16;70
8;138;0.1;15.3;66
8;139;3.1;16;89
8;140;2.5;19.1;83
8;141;0;18.3;69
8;142;0.4;15.1;83
8;143;0;15.7;72
8;144;0;18.3;66
8;145;9.8;16.2;86
8;146;0.1;15;73
8;147;2.1;15.5;78
8;148;16.9;15.5;91
8;149;0.5;14.4;81
8;150;2;11.9;82
8;151;0;14.2;84
8;152;0;16.6;73
8;153;0;19.2;65
8;154;0;23;63
8;155;0;24.3;62
8;156;0;24.4;51
8;157;0;25;47
8;158;0;24.8;40
8;159;0;21.4;59
8;160;0;23.8;48
8;161;24.3;23.5;57
8;162;0;18.8;81
8;163;1.5;20;69
8;164;0.4;18.6;67
8;165;0;17.4;63
8;166;0;18.8;63
8;167;0;24.4;49
8;168;0.6;19.2;72
9;1;3;2.2;97
9;2;0;0.3;97
9;3;2.1;2.4;88
9;4;4.6;4.6;89
9;5;0.5;4.4;90
9;6;1.7;5;97
9;7;0;5.9;99
9;8;1.5;5.8;96
9;9;0;4;82
9;10;0;3.7;89
9;11;4.2;6;90
9;12;3;3.8;100
9;13;0;2.7;97
9;14;1;3.4;95
9;15;3.1;3.7;85
9;16;4.3;3.9;92
9;17;0.8;3.4;91
9;18;6.9;3.3;94
9;19;1;6.2;87
9;20;2.8;6.9;80
9;21;5.1;6.4;99
9;22;0.2;5.9;98
9;23;0;6.6;77
9;24;0;4.3;76
9;25;0;3.7;66
9;26;0;1.3;62
9;27;0;2.9;59
9;28;1.4;5.4;78
9;29;6.5;5;90
9;30;0.7;0.7;79
9;31;0.4;0.3;85
9;32;2;4.1;91
9;33;0.8;5.5;85
9;34;3.1;5;86
9;35;0;5.3;82
9;36;0;6;79
9;37;0;7.7;60
9;38;0;9.1;63
9;39;0;9.5;72
9;40;0;12.5;59
9;41;0.5;14.8;68
9;42;0;10.4;76
9;43;0;10.6;75
9;44;0;14.5;67
9;45;0.2;13.1;72
9;46;0;12.6;70
9;47;0;13.9;69
9;48;0;13.7;60
9;49;0;12.1;67
9;50;0;11.8;71
9;51;0;13.4;69
9;52;0;14.2;59
9;53;0;13.5;54
9;54;0.9;11;65
9;55;0;8.3;79
9;56;0;8.6;61
9;57;0;10.9;52
9;58;0;11.8;52
9;59;0;8.9;72
9;60;0;8.2;82
9;61;0;12.3;52
9;62;0;14;49
9;63;0;15.5;55
9;64;0;17.3;53
9;65;0;16.4;60
9;66;0;13.9;71
9;67;1.7;14.5;72
9;68;0;13.6;63
9;69;0;13.8;46
9;70;2.6;15.2;57
9;71;0.3;8.5;75
9;72;5.8;7.9;85
9;73;1.5;10.5;85
9;74;0;13.4;72
9;75;10.3;14.1;78
9;76;14.4;12.2;65
9;77;0;13.7;72
9;78;0.3;11;84
9;79;0;10.4;68
9;80;0;11.5;56
9;81;0;11.4;56
9;82;2;13.8;52
9;83;0;13.2;72
9;84;5;16.7;63
9;85;0.4;16;78
9;86;0.1;16.9;56
9;87;2.2;17.6;63
9;88;8.3;15.7;90
9;89;0.2;13.2;71
9;90;0;13.7;63
9;91;0;18.4;54
9;92;0;17.5;58
9;93;7.9;18.8;75
9;94;0;13.3;65
9;95;4;12.3;67
9;96;0;12;65
9;97;17.3;12;87
9;98;9.5;15.2;86
9;99;1;16.3;80
9;100;0;17.9;60
9;101;0.1;10.9;68
9;102;0;9.2;70
9;103;0;9;70
9;104;7.7;10.1;76
9;105;0.8;11.2;89
9;106;0;14;70
9;107;2.1;14.6;79
9;108;6.1;15.3;79
9;109;4.4;12.7;84
9;110;1.9;10.7;76
9;111;0;13;64
9;112;0;15.8;64
9;113;13.3;16.2;82
9;114;0.1;13.6;80
9;115;0;13.8;64
9;116;0.3;17.4;67
9;117;1.6;14.5;72
9;118;5;13.1;76
9;119;8.3;12.8;79
9;120;7.4;13.3;86
9;121;0;15.4;66
9;122;0;17.6;68
9;123;2.4;14.6;96
9;124;0.2;18.1;91
9;125;0.1;17;89
9;126;0;16.4;84
9;127;0;19.5;77
9;128;0;21.6;77
9;129;0.3;21.1;84
9;130;0.9;21.2;84
9;131;0.3;23;73
9;132;0;21.9;72
9;133;0;19.6;71
9;134;0;19.4;68
9;135;0.3;18;73
9;136;4.7;15.3;80
9;137;2;14.5;74
9;138;3.6;13.1;81
9;139;0;13;81
9;140;2.7;16;78
9;141;0;19;73
9;142;0;21.2;69
9;143;0;22.3;70
9;144;0;22.2;53
9;145;14;22.2;67
9;146;0.1;16.6;84
9;147;1.5;16;77
9;148;0.6;15.3;77
9;149;3;19.2;63
9;150;0.9;20.8;78
9;151;0;22.3;68
9;152;8.4;16.6;86
9;153;3.9;14.4;87
9;154;0;15.9;70
9;155;0;21;53
9;156;0;18.5;63
9;157;0;20.6;53
9;158;0;19.3;54
9;159;0;16.7;57
9;160;0;19.4;52
9;161;4.2;22.4;57
9;162;0.5;16.6;89
9;163;0;18.1;65
9;164;0;19.7;66
9;165;0;20.8;66
9;166;0;22.3;59
10;1;1.1;2.4;92
10;2;0.1;-0.4;99
10;3;0;5.1;83
10;4;0.3;5.4;83
10;5;0.2;4.3;77
10;6;2.2;5.6;71
10;7;0;3.7;73
10;8;0.5;1.4;81
10;9;0;0.8;80
10;10;0.4;-1.9;84
10;11;1.1;-3;68
10;12;0;-3.3;76
10;13;0;-3;77
10;14;0;-2;72
10;15;0;-2.3;68
10;16;0;-0.7;68
10;17;0.6;-3.7;96
10;18;3.8;1.1;94
10;19;2.7;2.5;88
10;20;4.3;3.1;90
10;21;4.5;0.5;90
10;22;0;1.1;86
10;23;0;5.3;77
10;24;0;8.5;61
10;25;0.2;10.8;60
10;26;2.8;11.8;84
10;27;2.6;9.7;90
10;28;0;7.3;69
10;29;0;8.7;69
10;30;0;9.3;71
10;31;0.1;12.6;64
10;32;17.5;13.7;65
10;33;1.7;7.4;85
10;34;5;7.2;83
10;35;2.2;6.5;94
10;36;0;9.3;90
10;37;0;8.6;70
10;38;0.2;5.4;66
10;39;0;5;64
10;40;0;7;68
10;41;0.3;9.2;69
10;42;0.1;6.1;83
10;43;0;7.9;67
10;44;0;8.8;58
10;45;0;10.8;63
10;46;0;7.4;74
10;47;0.8;6.5;75
10;48;0.5;4.7;87
10;49;0.4;7.5;78
10;50;0;7.1;76
10;51;1.9;5.9;83
10;52;0.3;6.5;75
10;53;0;6.7;68
10;54;0;7.7;64
10;55;0;13.1;42
10;56;0;8.2;66
10;57;0;8.4;57
10;58;1.7;4.5;73
10;59;0;5;63
10;60;0;7.2;54
10;61;0;10.2;45
10;62;0;13.2;51
10;63;3.4;11;80
10;64;0;10.9;77
10;65;0;13.4;63
10;66;0.3;17;51
10;67;0;16.6;59
10;68;0;12.5;70
10;69;9.5;10.3;79
10;70;1.9;8.7;97
10;71;0;6.9;87
10;72;1.7;6.4;64
10;73;18.8;5.7;95
10;74;0;8.1;90
10;75;0;8.9;80
10;76;2.3;11.1;75
10;77;1.4;7.9;93
10;78;1.2;8.5;88
10;79;0;10.3;88
10;80;0;7.5;87
10;81;10.4;7.5;91
10;82;8.1;5.8;97
10;83;0;9.9;67
10;84;0;10.9;68
10;85;7.8;8.8;76
10;86;11.9;9.7;99
10;87;0.3;12.4;98
10;88;0;14.4;70
10;89;0;13.9;82
10;90;3.5;16.2;84
10;91;9.8;14.1;92
10;92;0;11;70
10;93;0.9;10.1;67
10;94;1.6;10.6;85
10;95;0;12.4;83
10;96;0.8;13.1;67
10;97;7;13.3;86
10;98;23.2;9.6;97
10;99;3.2;9.1;98
10;100;0;11.8;87
10;101;0;15.8;64
10;102;0;14.9;67
10;103;0;18.7;59
10;104;2.4;21.8;56
10;105;0.3;17.5;75
10;106;0;18.5;66
10;107;3.2;21.9;68
10;108;0;23.3;72
10;109;0;22.3;68
10;110;2.5;13.9;89
10;111;0;11.7;76
10;112;0;14;66
10;113;0;14.1;69
10;114;0;15.1;57
10;115;0;17.7;53
10;116;0;15.8;63
10;117;0.2;11.4;70
10;118;0;11.9;73
10;119;0;13.6;69
10;120;0;14.9;64
10;121;0;16.2;61
10;122;0;19.5;52
10;123;0;19.3;65
10;124;0;17.8;64
10;125;0;19.1;55
10;126;0;21.6;43
10;127;0;23.9;42
10;128;20;21.4;59
10;129;0;21.4;73
10;130;0;24.5;57
10;131;0;25.5;49
10;132;0.8;23;68
10;133;0;22.7;65
10;134;0;17.1;66
10;135;0;17.5;58
10;136;0;22.7;47
10;137;0;26.5;44
10;138;0;28.4;45
10;139;0;28.6;48
10;140;10;29;49
10;141;0.3;21.6;81
10;142;1.4;26.1;53
10;143;0;22.1;66
10;144;0;25.3;52
10;145;0.8;21.8;70
10;146;0;18.4;56
10;147;0;19.8;50
10;148;0;22;50
10;149;0;25;53
10;150;15.2;23.1;66
10;151;0.2;18.3;88
10;152;0;17.2;71
10;153;0;16.3;67
10;154;0;17.5;60
10;155;0;19.2;60
10;156;0.2;17.9;76
10;157;1.3;16.3;71
10;158;0;16.5;71
10;159;0;19.9;56
10;160;0;22.8;53
10;161;1.8;20.3;71
10;162;5;15.8;93
10;163;0;17.3;72
10;164;0.1;18.5;71
10;165;8.5;16.9;91
10;166;0;18.7;72
10;167;0.1;19.5;70
11;1;0;-9.3;73
11;2;0;-5;62
11;3;0;-4.2;65
11;4;0;-1.6;63
11;5;0;-0.4;83
11;6;0;3.3;78
11;7;0;0.5;74
11;8;0;0.1;65
11;9;0;0.1;53
11;10;0;1;53
11;11;0;-0.1;85
11;12;0;0.1;65
11;13;0;-1.1;57
11;14;0;2.4;35
11;15;0.1;6;63
11;16;3.5;6.4;68
11;17;0;5.9;75
11;18;0;6;74
11;19;0.9;10.2;61
11;20;2.7;9.2;90
11;21;0;8;90
11;22;1.5;3.9;92
11;23;4.6;3.3;99
11;24;0;2.4;96
11;25;0;3.8;71
11;26;0;3.4;74
11;27;0;6;59
11;28;0;9.1;59
11;29;0;7.6;65
11;30;0;8.8;63
11;31;0;8.3;67
11;32;0.3;3.7;71
11;33;0;2.2;75
11;34;0;4.6;60
11;35;0;5.9;60
11;36;0;10.7;52
11;37;1.5;10.8;78
11;38;0;12.7;75
11;39;0;14.8;73
11;40;11.3;15.3;71
11;41;0.1;9.6;85
11;42;0;9.7;67
11;43;0;11.7;81
11;44;0.1;13.1;69
11;45;0;9;66
11;46;0;8.6;61
11;47;0;10.5;57
11;48;0;14.3;49
11;49;3;8.5;66
11;50;12;5;89
11;51;0.1;5.5;88
11;52;0;7.8;77
11;53;0;10.3;55
11;54;0;12.2;48
11;55;0;13.1;46
11;56;0;13.9;52
11;57;0;14;59
11;58;0;15.6;45
11;59;0;16.1;46
11;60;0;16;47
11;61;0;14.6;50
11;62;0;12.3;63
11;63;4.1;12;80
11;64;0.3;13.4;79
11;65;0;15.1;64
11;66;0;15.8;51
11;67;0;11.7;52
11;68;0;8.7;56
11;69;0.1;5.3;75
11;70;0;6;54
11;71;0.1;6.4;57
11;72;0;8.4;46
11;73;0;12.8;46
11;74;0;15.4;42
11;75;0;14.5;51
11;76;0;16.3;48
11;77;0;19;40
11;78;0;19.3;49
11;79;0.8;16.1;68
11;80;0;12.5;66
11;81;0.9;13.8;62
11;82;0;10.4;69
11;83;2.2;10.1;85
11;84;0.5;13.5;82
11;85;0;16.8;61
11;86;0.3;17.9;64
11;87;0;17.5;73
11;88;0;17.7;65
11;89;3.6;19;60
11;90;0;15.1;60
11;91;0;14.8;53
11;92;0;13;49
11;93;0;18.3;44
11;94;0;14.7;56
11;95;0.1;13.3;60
11;96;0;17;56
11;97;0;22.7;44
11;98;1.2;20.8;60
11;99;0;12.9;66
11;100;0;15.7;48
11;101;0;19;54
11;102;0;22.2;48
11;103;0;24.7;48
11;104;0.1;23.3;57
11;105;2.5;20;73
11;106;4.1;17.2;84
11;107;0;15.9;56
11;108;0;15.9;57
11;109;0;16.6;57
11;110;0;16.7;50
11;111;0;18.6;53
11;112;1.5;17.8;69
11;113;0.3;18.9;59
11;114;0.9;20.9;61
11;115;1.7;17.1;54
11;116;0.3;15.7;74
11;117;3.4;12.9;76
11;118;0;14.9;66
11;119;3;16.2;81
11;120;8.7;18.6;77
11;121;0.3;16;72
11;122;2.5;13.2;79
11;123;0.7;13.6;70
11;124;0.1;16.5;83
11;125;0;20.3;61
11;126;0;21.7;48
11;127;0.1;23.3;42
11;128;9.2;13.6;88
11;129;0.9;13.7;69
11;130;36;10.7;93
11;131;17.9;13.3;99
11;132;14.8;14;99
11;133;0;17.2;83
11;134;0.2;20.5;70
11;135;0.7;20.1;74
11;136;0;19.2;71
11;137;0.7;21.2;64
11;138;17.5;19.7;69
11;139;0;17.8;79
11;140;0.3;20.8;61
11;141;64;20.2;81
11;142;0;16.2;73
11;143;0;14.3;76
11;144;0;17.8;62
11;145;7.8;17.8;73
11;146;0.1;16.3;73
11;147;0;17.9;63
11;148;0;18.4;64
11;149;0;16.6;74
11;150;7.1;12.9;86
11;151;0;14.1;67
11;152;0;13.3;70
11;153;0;13;88
11;154;0;17.6;65
11;155;0;19.2;63
11;156;0;17.9;72
11;157;45.6;14.4;88
11;158;13.5;14;96
11;159;1.5;13.4;98
11;160;0;15.8;98
11;161;0;18.6;73
11;162;3.9;20.9;69
11;163;0.4;19;88
11;164;8.5;18.9;90
11;165;3.6;22.3;76
11;166;0;18.1;82
11;167;4.8;15.4;74
12;1;0.3;6.4;89
12;2;2.3;9;92
12;3;1.4;4.7;80
12;4;0.8;3;71
12;5;3.2;1.6;83
12;6;0.6;6.7;97
12;7;0.4;9.1;98
12;8;0;8.5;93
12;9;0;6.4;87
12;10;0;3.3;75
12;11;0;3;67
12;12;0;2.4;63
12;13;0;0.2;64
12;14;2.4;2.4;65
12;15;1.3;3.9;83
12;16;0;4.5;74
12;17;0.1;7.6;76
12;18;0.4;6.6;85
12;19;0.2;6.9;90
12;20;0;6.1;89
12;21;0;6.1;78
12;22;0;5.9;77
12;23;0;11.4;60
12;24;0;11.7;66
12;25;1.2;8.5;83
12;26;0;5.9;62
12;27;0;7.2;66
12;28;0;9.1;81
12;29;0;9.7;81
12;30;0;11;72
12;31;0;11.9;68
12;32;0;8.9;71
12;33;0;8.4;65
12;34;0;10.1;78
12;35;0;11.7;62
12;36;0.4;7;74
12;37;0.2;7;79
12;38;1.5;4.3;75
12;39;0.9;3.6;70
12;40;0;5.2;74
12;41;2.7;8.1;73
12;42;2.6;4.1;98
12;43;0;2.7;90
12;44;2.8;2.7;81
12;45;0.4;1.8;82
12;46;0;1;56
12;47;0;4.5;66
12;48;0.4;10.9;72
12;49;2.3;8.4;85
12;50;1.8;7.9;83
12;51;0.9;6.4;82
12;52;0;7.5;66
12;53;0;8.1;60
12;54;0;5.1;63
12;55;0;4.3;61
12;56;0;6.8;61
12;57;0;9.7;58
12;58;1.3;10.2;68
12;59;0.6;9.4;68
12;60;0.1;7.8;78
12;61;0;8;69
12;62;0;9.7;70
12;63;0;10.8;63
12;64;0;14.1;52
12;65;0;16;57
12;66;0;20.6;51
12;67;0;20.8;54
12;68;0;17.1;63
12;69;0;17;67
12;70;0.8;19.5;64
12;71;8;15.3;88
12;72;0.3;14.8;67
12;73;9.9;8.5;92
12;74;0.2;6.6;87
12;75;0;8.7;84
12;76;0;13.8;68
12;77;0.7;15.3;79
12;78;0.1;19.2;72
12;79;8;20.1;73
12;80;0;9.4;66
12;81;0;7.3;68
12;82;0;10.1;57
12;83;4.2;10.4;68
12;84;0;7.9;75
12;85;0;7;68
12;86;0;11.3;50
12;87;0.6;16.1;57
12;88;0;19.9;47
12;89;0;21.5;51
12;90;0;23.2;51
12;91;0;22.6;60
12;92;0;18.1;49
12;93;0;16.2;44
12;94;0;16.9;48
12;95;0;18.1;48
12;96;0;18.7;45
12;97;0;16.4;54
12;98;2.3;12.6;68
12;99;14.2;13;90
12;100;0.3;11.1;77
12;101;0;9.4;67
12;102;8.6;8.6;84
12;103;19.8;10.2;84
12;104;0;9.7;78
12;105;0.1;10.8;76
12;106;0.1;15.5;82
12;107;0;18.4;68
12;108;0;15.6;56
12;109;0;14.8;57
12;110;0.2;16.1;60
12;111;0.6;15.6;80
12;112;0.2;14.1;77
12;113;0.8;11.9;82
12;114;4.2;16.1;73
12;115;10.8;16.6;85
12;116;0;16.9;65
12;117;0;21;61
12;118;18.1;17.6;68
12;119;6.5;14.8;98
12;120;0;13.7;96
12;121;0;17.8;67
12;122;1.7;16.1;69
12;123;5.5;16.5;75
12;124;4.6;13;83
12;125;0;13;78
12;126;1.1;14.7;87
12;127;0;19.2;79
12;128;1.8;23.2;69
12;129;23;21.9;76
12;130;2.1;19.3;83
12;131;1.3;15.8;77
12;132;0;17.5;85
12;133;0;20.4;76
12;134;5.2;20.2;89
12;135;2.8;21.7;85
12;136;1.2;19;87
12;137;0.4;20.3;72
12;138;0.2;18.5;69
12;139;0.1;18.7;68
12;140;2.3;16.3;79
12;141;4.3;13.2;81
12;142;11.8;13.3;89
12;143;17.7;14.9;87
12;144;0.7;14.9;78
12;145;7;14.5;75
12;146;11.2;14.9;89
12;147;13.2;16.8;86
12;148;3.3;15.6;83
12;149;0;14.7;67
12;150;0;14;66
12;151;0;14.3;67
12;152;0;18.1;54
12;153;0;21.4;53
12;154;0;24.7;55
12;155;0;24.4;60
12;156;1.2;24.6;56
12;157;39.3;21;85
12;158;4.8;17.5;85
12;159;0;15.9;68
12;160;0;16.5;61
12;161;0;20.1;57
12;162;4.8;21.6;71
12;163;4.1;18.8;82
12;164;0;20.7;66
12;165;2.7;18.1;87
12;166;0;19.4;77
12;167;0;17.1;67
12;168;0;16.2;72
13;1;5.2;-3.9;91.96
13;2;4.3;-0.6;99.04
13;3;0.1;0.4;99.25
13;4;0;-0.2;98.96
13;5;0;-0.2;96.13
13;6;0;0.5;94.17
13;7;0;1;90
13;8;0.1;0.4;84.58
13;9;0;1.3;82.33
13;10;0;2.7;72.38
13;11;0;3.8;64.92
13;12;0;5.2;67.96
13;13;0.1;4.3;76.96
13;14;0;0;91.83
13;15;2.6;-0.9;91.63
13;16;3.6;-3;96.54
13;17;0.5;-6.1;90.58
13;18;0.2;-5.6;88.75
13;19;0;-5.6;76.21
13;20;0.1;-4.7;84.58
13;21;0;-3.8;79.83
13;22;0;-2.9;63.79
13;23;1;-0.5;61.88
13;24;6.1;-1.5;92.33
13;25;0.9;-2.3;95.21
13;26;5.2;-1.7;84.88
13;27;0.1;-2.3;95.21
13;28;0;-3.9;89.29
13;29;0;-8.2;66.54
13;30;0;-7.3;61.17
13;31;0;-4.4;63.58
13;32;0;-3.5;62.5
13;33;0.2;-2.6;63.5
13;34;0.5;-2;86.88
13;35;3.7;-1.2;94.75
13;36;0.4;-0.8;83.38
13;37;0.5;-1.3;89.58
13;38;0;-1.6;73.67
13;39;0;-1.3;74.29
13;40;0;-0.4;68.5
13;41;0;0.1;77.04
13;42;0;0.4;89.5
13;43;0;0.5;84.04
13;44;0;2.3;61.58
13;45;0;3.3;59.83
13;46;0;3.5;77.96
13;47;0;5.3;89.04
13;48;7.4;8.5;89.33
13;49;0.9;9.6;84.83
13;50;0.1;8.9;74.67
13;51;0;10.8;73.54
13;52;0;16.2;58.42
13;53;2.5;14.7;78.71
13;54;0;15.6;64.79
13;55;0;16.4;56.33
13;56;0;11.2;52.71
13;57;0;6.5;65.71
13;58;0;9.9;63.29
13;59;0;10.9;63.38
13;60;0;11.5;66.17
13;61;0;13.1;66.63
13;62;0;15.7;68.08
13;63;11.6;16.5;68.38
13;64;5.7;5.8;96.08
13;65;0;7.6;75.67
13;66;0;10;68.08
13;67;0;9.8;61.71
13;68;0;10.6;71.04
13;69;0;11.1;76.79
13;70;0;11.3;48.29
13;71;0;12.8;52.75
13;72;0;14.8;59.17
13;73;1.2;16.1;63.13
13;74;8.4;15.6;88.88
13;75;0;17.4;79.33
13;76;1.1;15.9;83.92
13;77;0;14.5;76.63
13;78;2.1;12;78.38
13;79;0.6;9.6;84.58
13;80;0.7;9.5;81.79
13;81;0.4;11.1;79.79
13;82;0;16.7;64.71
13;83;0;18.9;63.58
13;84;0.2;19.6;64.13
13;85;3.1;12;95.13
13;86;0.1;13.7;80.79
13;87;0;12.9;80.25
13;88;0.6;12.1;74.54
13;89;6;8.3;88.83
13;90;0;8.2;63.21
13;91;0;8;81.33
13;92;36.6;8.1;89.92
13;93;9;9.7;99.33
13;94;0;9.8;92.33
13;95;2.7;11.2;95.46
13;96;0.1;13.4;83.88
13;97;9.1;13.2;95.13
13;98;11.8;14.3;95.46
13;99;14.5;15.1;94.33
13;100;2.3;10.2;93.21
13;101;0;11.9;71.04
13;102;0;13.1;78.21
13;103;0;14.7;57.96
13;104;0;16.5;57.92
13;105;0;18.3;65.25
13;106;0;18.3;70.54
13;107;1;16.7;78.08
13;108;0;16.1;69.67
13;109;0;16.6;61.54
13;110;0;19.1;59.54
13;111;7.3;20.2;70.71
13;112;0;14.4;77.25
13;113;0;16.9;66.25
13;114;0;16.1;63.83
13;115;0.2;19.4;58.46
13;116;0;22.8;65.04
13;117;0;26.3;63.96
13;118;36.6;24.4;70.67
13;119;0;19.3;73.92
13;120;0;19;68.04
13;121;0;17.8;67.17
13;122;0;15.9;71.54
13;123;10.1;11.9;93.08
13;124;0;11.1;81.29
13;125;0;12.8;72.92
13;126;0;13.9;75.42
13;127;3.3;13.3;85.88
13;128;0.2;11.4;79.92
13;129;8.9;17.6;73.04
13;130;0;17.2;76.46
13;131;0;19.7;73.25
13;132;0.2;18.3;88.88
13;133;0;19;79
13;134;0;18.3;67.96
13;135;0;18.7;61.67
13;136;0;20.1;61.79
13;137;0;21.2;59.83
13;138;0;17.3;69.38
13;139;0;16.1;67.17
13;140;0.1;15.6;75.83
13;141;0;18.2;63.46
13;142;0;15.1;84.25
13;143;0;16.8;64.29
13;144;0;19.6;53.33
13;145;0;21.6;57.17
13;146;0;21.3;60.17
13;147;0;21.1;59.92
13;148;0;20.6;58.21
13;149;0;22;43.25
13;150;0;24.8;36.25
13;151;0;24.1;-999
13;152;0.3;23.2;45.63
13;153;0;22.9;62.96
13;154;4.3;25;56.29
13;155;1;25.7;64.67
13;156;19.4;26.1;60.67
13;157;15.7;19.7;94.04
13;158;0.2;19.3;75.08
13;159;0;19.1;72
13;160;0;22;65.21
13;161;0;26.6;51.67
13;162;13;24.8;61.96
13;163;4.2;20.3;79.04
13;164;0;21.4;72.46
13;165;26.4;23.1;72.67
13;166;3.8;19.9;87.25
13;167;0.3;19.4;84.21
14;1;0;4.3;78.54
14;2;0;5.3;64.33
14;3;0;6;69.21
14;4;0;7;71.58
14;5;0.5;6.6;86.08
14;6;0;3.7;86.54
14;7;0;4.4;82.79
14;8;0;3.5;87.46
14;9;0;4.2;82.58
14;10;0.1;5.9;82.67
14;11;0;6.2;84.83
14;12;0;4.3;90.67
14;13;0;4.1;90
14;14;0;6.8;70.17
14;15;0;8.4;66.42
14;16;0;9.7;49.92
14;17;0;7.3;71.92
14;18;0;6.9;57.38
14;19;0;9.6;47.21
14;20;0.8;8.3;58.13
14;21;3.5;7.5;68.17
14;22;1.1;8.3;90.08
14;23;0;9;78.88
14;24;1.4;8.8;74.33
14;25;0.3;8.6;82.25
14;26;0;12.6;54.08
14;27;0.3;13.3;53.5
14;28;3.1;7.2;86.08
14;29;0;5.8;78.08
14;30;4.4;4.1;85.38
14;31;2;3.8;86.04
14;32;0;5;78.13
14;33;0;6.5;73.42
14;34;0;5.4;92.96
14;35;0;7.5;89.04
14;36;0;11.8;72.38
14;37;0;11.6;66.25
14;38;0.3;10.1;67.88
14;39;0;12.2;70.13
14;40;0.2;15.1;60.29
14;41;2.3;8.8;85.54
14;42;0;9.3;77.96
14;43;0.5;11.6;76.38
14;44;0;14.6;78.96
14;45;4.5;11.6;69.63
14;46;5.4;7.3;83.54
14;47;0;7.4;82.13
14;48;0.5;8.4;81.21
14;49;0.4;9.7;81.58
14;50;1.9;10;68.33
14;51;2.4;6.4;76.46
14;52;0.3;5.8;73.13
14;53;0;6.7;59.79
14;54;5.8;8.4;48.63
14;55;2;6.2;87.83
14;56;0;10.9;80
14;57;0;14.4;65.33
14;58;1.8;13.1;74.54
14;59;0.4;14;76.46
14;60;0;14.8;75.08
14;61;0;12.2;91.46
14;62;0;15.7;68.54
14;63;0.2;15.9;72.79
14;64;0;13.8;79.46
14;65;0;14.4;70.17
14;66;0;15.9;54.5
14;67;1;16.3;45.13
14;68;10;13.2;74.88
14;69;2.6;5;92.38
14;70;0;7.5;60.63
14;71;0;5.8;76.83
14;72;0;8.7;67.25
14;73;1.2;12.7;67.21
14;74;0;13.1;73.63
14;75;4.9;11.2;78.54
14;76;3.9;12.5;83.83
14;77;6;10.8;78.29
14;78;2;10.4;79.33
14;79;0.7;10;80.33
14;80;1.8;9.7;82.54
14;81;2.1;8.1;77.04
14;82;0.1;9.4;80.83
14;83;0;12.1;62.38
14;84;2.2;13;71
14;85;16;10.2;93.92
14;86;0;13.4;83.92
14;87;1.4;18.2;71.83
14;88;0;21.2;54.63
14;89;0;22.3;60.21
14;90;0;17.8;75.63
14;91;0;17.4;70.08
14;92;0;17.5;64.96
14;93;0;19.2;62.58
14;94;43.1;13.9;89.04
14;95;15.9;9.3;97.79
14;96;0;7.7;88.54
14;97;0;12.3;69.38
14;98;0;14.2;61.54
14;99;0;12.2;68.83
14;100;0;14.5;60.42
14;101;0.1;15.3;63.79
14;102;0.1;17.5;61.29
14;103;0;14.7;70.21
14;104;0;17.4;51.33
14;105;0;21.8;49.75
14;106;0;25.9;47.96
14;107;0;24.5;60.33
14;108;0;24.3;67.25
14;109;7.9;20.4;87.25
14;110;0;17;66.38
14;111;1.3;14.6;74.83
14;112;9.5;13.5;82.63
14;113;0;15;66.92
14;114;0;14.7;70.38
14;115;0;15.8;76.96
14;116;0;16.7;61.83
14;117;0.3;13.9;77.29
14;118;1.6;13.4;75.13
14;119;0.2;12.8;76.96
14;120;0;14;70.83
14;121;0;13.4;62.42
14;122;6.2;13.4;79.38
14;123;4.5;11.4;94.75
14;124;0;13.9;75.54
14;125;0;17;61.42
14;126;2.9;17.4;75.63
14;127;1.1;15.1;89.67
14;128;8.2;13.8;87.04
14;129;0;13.9;72.83
14;130;0;14.9;68.29
14;131;0;17.7;59.46
14;132;0.1;22.6;45.46
14;133;0.7;22;61.25
14;134;0;23.4;63.58
14;135;14.1;21.1;71.75
14;136;23.8;18.3;96.04
14;137;1.6;18.2;92.13
14;138;0.4;19.5;79.04
14;139;0.5;19;75.79
14;140;4;14.9;84.54
14;141;0.1;16.1;79.92
14;142;3.7;18.4;82.38
14;143;0;20.1;66
14;144;0;20.4;69.21
14;145;0;21.8;57.25
14;146;0;23.2;55.33
14;147;0;25.3;49.63
14;148;0;26.7;49.33
14;149;0;23.8;62.13
14;150;0;22.4;62.21
14;151;0;21.6;58.29
14;152;10.5;18;73.71
14;153;2.2;17.6;93.04
14;154;0;21;78.21
14;155;13.2;22.6;70.42
14;156;0.7;21.8;79.88
14;157;8.2;20.9;87.08
14;158;1.2;19;95.92
14;159;0;18.3;70.29
14;160;0;20.5;61.58
14;161;0.1;22.4;70.83
14;162;17;20.8;82
14;163;4.1;18.2;92.04
14;164;0.3;17.9;83.25
14;165;0;18.6;63.5
14;166;0.3;18;76.04
14;167;0;19.7;69.88
15;1;4.3;0.6;93.04
15;2;0;2.6;85.46
15;3;0;2.3;81.17
15;4;0;2.8;72.08
15;5;0.1;3.3;73.29
15;6;0;2.2;79
15;7;3.9;3.4;86.58
15;8;0.3;4.2;76.79
15;9;2.7;3.4;76.79
15;10;1.2;2.3;84.17
15;11;0.9;2.8;89.33
15;12;0;4.1;84.08
15;13;0;6.5;67.79
15;14;0;10.1;55.58
15;15;0;8.3;75.71
15;16;1;5.8;95.08
15;17;0;3.9;85.25
15;18;0;1.8;91.5
15;19;0.1;1.2;86.04
15;20;2.1;2.5;97.25
15;21;0.6;4.1;94.58
15;22;0;7.8;77.17
15;23;0;9.2;69.75
15;24;0;6.9;58.38
15;25;0;5.5;51.75
15;26;0;6.9;46.42
15;27;2.1;1.8;94.75
15;28;0;0.3;65.13
15;29;0;3.5;70.08
15;30;0;6.8;72.75
15;31;0;9.2;68.08
15;32;0.1;6.2;85.13
15;33;0.9;5.9;84
15;34;0.7;6.2;72.5
15;35;9.8;8.5;91.25
15;36;7.1;5.1;74.67
15;37;3.5;4.7;79.17
15;38;7.5;2.4;84.13
15;39;0.6;2.1;84.5
15;40;0.9;3;84.29
15;41;0.7;2.7;76.75
15;42;0;3.5;64.75
15;43;0;4.1;64.75
15;44;0;6.3;70.21
15;45;0;7.2;83.29
15;46;0;10;74.54
15;47;0;13.1;66.67
15;48;0.1;13.8;62.04
15;49;0;9.1;51.83
15;50;0;8.5;55.38
15;51;0;9.5;60.21
15;52;0;15.3;56.88
15;53;0;9.7;59.63
15;54;0;6.5;66.67
15;55;0;5.8;66.29
15;56;0;9;54.71
15;57;0;10.8;56.46
15;58;0;13.1;44.38
15;59;0.8;7.1;75.04
15;60;0;10.7;61.63
15;61;0;13.4;55.17
15;62;0;14.6;54.38
15;63;9.4;12.8;85.17
15;64;3;8.9;98.63
15;65;0.9;6.5;78.25
15;66;0;7.7;61.29
15;67;7.9;9.6;70.71
15;68;0;8.3;72.29
15;69;0;8.5;63.67
15;70;4.8;12.6;65.46
15;71;0;16.3;73.17
15;72;0.7;17.6;74.25
15;73;0;14.8;60.04
15;74;0.3;11.1;68.67
15;75;0;13.7;61.42
15;76;0.1;14.9;65.88
15;77;0;11.1;65.38
15;78;0;14;58.25
15;79;5;17.3;65.67
15;80;0;12.4;63.75
15;81;0;9;71.13
15;82;0;10.8;66.38
15;83;0.6;10.4;73.58
15;84;0;10.1;63.54
15;85;0;13.9;59.21
15;86;0;14.1;53.88
15;87;0;11.4;61.79
15;88;0;11.1;61.29
15;89;0;13.5;55.96
15;90;0;15.1;63.54
15;91;0.2;13.9;57.21
15;92;0;15.3;64.92
15;93;0;11;66.42
15;94;0.1;9.7;71.92
15;95;0.3;12.1;69.67
15;96;3;13.7;68.25
15;97;0;10.7;71.04
15;98;0;13.9;59.08
15;99;4.6;12.5;84.42
15;100;0;17;66
15;101;0;17.6;58.13
15;102;0;15.5;53.75
15;103;0;20.8;45.75
15;104;0;22.7;54.79
15;105;0;17.3;43
15;106;0;14.4;57.29
15;107;0;13.8;58.67
15;108;0;16;55.92
15;109;0;17.4;44.88
15;110;0;20.3;53.04
15;111;2;21.3;72.38
15;112;0;16.8;75.63
15;113;0;14;59.79
15;114;0;11.4;62.79
15;115;2.3;14.1;57.04
15;116;0;14.7;75.96
15;117;0.9;11.8;72.67
15;118;8.6;11.1;90.58
15;119;0.1;13.3;74.33
15;120;15.8;13.3;84.67
15;121;2.8;11.4;87.54
15;122;0;12;80.71
15;123;0;16.5;66.21
15;124;1.1;18.7;66.29
15;125;0.9;17.8;81.5
15;126;0.3;16.4;64.58
15;127;0;20.1;60.75
15;128;0;20;58.75
15;129;0;21;54.17
15;130;0;23.9;46.54
15;131;0;26.3;46.75
15;132;0.9;29.3;45.88
15;133;2.2;27.1;59.75
15;134;0;20.2;66.58
15;135;12.7;22.9;56.58
15;136;2.7;17.7;73.13
15;137;0.5;13.6;69.75
15;138;0;13.4;61.04
15;139;0;17.1;62.17
15;140;7;16.9;77.42
15;141;3.7;15.8;93.33
15;142;8.8;17.1;95.21
15;143;2;17.7;74.08
15;144;0;20.1;72.38
15;145;0;24.1;61.08
15;146;0;22.2;61.21
15;147;21.9;17.4;83.54
15;148;0;18.9;67.25
15;149;4.7;21.9;78.5
15;150;18.3;23.2;67.29
15;151;0;18.4;71.71
15;152;5.4;20;67.33
15;153;1.5;19.2;69.83
15;154;0.2;15.1;63.67
15;155;10.5;15.1;84.79
15;156;0;15.7;74.08
15;157;0.7;14.3;67
15;158;0;14.5;66.38
15;159;0;12.9;69.58
15;160;0;17.3;58.75
15;161;0;21;51.75
15;162;0;22.8;55.58
15;163;0.8;24.5;59.25
15;164;0;19.5;65.21
15;165;0;24.3;51.75
15;166;0;26.7;51.25
15;167;0;23;66.25
16;1;0.8;2.9;86.75
16;2;0;1.6;80
16;3;0.5;-0.1;85.42
16;4;0;0.3;81.83
16;5;0;0.7;72.25
16;6;0;1.6;76.13
16;7;0;0.2;74.46
16;8;0.2;-0.4;81.29
16;9;0.9;3.1;88.29
16;10;0;2.7;76.63
16;11;0;2.9;71.08
16;12;3.5;4.9;76.21
16;13;6.5;2.9;91.5
16;14;0;1.6;87.21
16;15;0;2.1;78.42
16;16;0;2.2;74.04
16;17;0;3.4;85.67
16;18;0;2.5;88.17
16;19;0;1.6;82.88
16;20;0;0.8;79.83
16;21;1;3;70.5
16;22;0;3.2;85.5
16;23;0;3.8;71.29
16;24;0;5.6;63.17
16;25;1;3.5;85.33
16;26;0;4.6;84.54
16;27;0.6;4.3;86.58
16;28;2.2;4.4;89.29
16;29;1.8;4.8;90.38
16;30;2;3.7;92.88
16;31;0.3;3.7;81.21
16;32;4.6;5.4;91.46
16;33;0;7.9;78.33
16;34;0;7.4;73.08
16;35;3.8;8.5;71.13
16;36;5.4;6;82.54
16;37;0.8;6.5;80.42
16;38;2.3;6.4;77.67
16;39;0;6.6;63.71
16;40;0;8.2;60.5
16;41;0;13;59.42
16;42;0;15.3;61.25
16;43;0;14.6;69.96
16;44;0.1;10.8;65.29
16;45;0;8.6;62.08
16;46;0;7.4;62.25
16;47;0;8;61.25
16;48;0;7.4;71.21
16;49;0;7.9;73.29
16;50;0.2;11.3;72.54
16;51;0;11.8;75.33
16;52;0.2;8.7;79.67
16;53;7.6;8.1;87.58
16;54;6;9.3;87.5
16;55;0.1;7.4;73.46
16;56;0.1;7.2;60.42
16;57;0;8.8;57.08
16;58;0;7.8;61.42
16;59;0;9;59.21
16;60;0;7.9;57.79
16;61;0;5.2;65.96
16;62;0.5;2.8;76
16;63;5.3;4;67.58
16;64;1;4;77.88
16;65;4.5;3.6;81.25
16;66;0.5;4.6;74.63
16;67;0;7.3;61.25
16;68;0;11.3;55.71
16;69;0;11.8;57.92
16;70;0;12.5;55.04
16;71;1.2;11.6;65.46
16;72;0;8.7;69.71
16;73;0;12.8;55.79
16;74;0;16.2;53.08
16;75;0;17.6;46.54
16;76;0;17.1;51.04
16;77;0;17.9;54.08
16;78;0;17.7;53.96
16;79;0;18.1;52
16;80;0;18.2;53.92
16;81;0;15.7;54.13
16;82;0.5;9.2;59.58
16;83;0.7;6.7;77.38
16;84;0;7.7;68.13
16;85;0.5;8.9;70.42
16;86;0;13.2;60.21
16;87;0;16.6;48.88
16;88;0;16.5;58.17
16;89;0;17.5;60.21
16;90;0.1;21.5;47.25
16;91;20.4;18.3;77.54
16;92;0.1;13.4;94.58
16;93;0;11.8;88.88
16;94;0;14.4;78
16;95;0;15.3;77.83
16;96;0;17.8;69.83
16;97;2.1;20.7;72.92
16;98;0.1;20.6;73.96
16;99;22.1;18.6;76.54
16;100;15.1;17.6;91.67
16;101;1.5;18.3;84.38
16;102;0;20.8;63.54
16;103;0;21.4;57.58
16;104;0.5;21.8;61.08
16;105;0;20.4;56.75
16;106;0;19.6;51.17
16;107;0;19.5;58.21
16;108;0;16.4;69.96
16;109;0;15.5;61.63
16;110;0;16.2;54.75
16;111;1.7;16.4;63.46
16;112;25.4;15.1;84.42
16;113;18.7;15.3;86.13
16;114;34.9;14.5;92.21
16;115;7.8;16.2;76.08
16;116;13.7;14.6;90.75
16;117;10.3;15.3;82.83
16;118;0;15.2;79.54
16;119;0.2;16.4;68.71
16;120;0;17.7;75.67
16;121;0;20.9;71.92
16;122;0;25.2;60.46
16;123;0;25.9;60.71
16;124;12.4;21.9;80.83
16;125;0;17.3;67.5
16;126;0.3;17.6;61.58
16;127;0.9;17.1;67.08
16;128;3.9;17.9;71.08
16;129;0.1;18.3;70.25
16;130;0.8;20.3;70.42
16;131;1.6;16.3;78.58
16;132;0.1;14.7;68.63
16;133;0;16.2;63.29
16;134;0.1;18.7;62.58
16;135;5;14.6;67.5
16;136;0;15.1;65.38
16;137;5.1;18.6;64
16;138;0;17.6;67.33
16;139;0;23.4;55.04
16;140;0;22.8;60.46
16;141;0;20;56.96
16;142;7.7;15.9;83.21
16;143;1.5;14.3;81.33
16;144;0;13.8;82.42
16;145;0.1;17.6;67.17
16;146;6.9;19.1;79.75
16;147;0;18.3;70.75
16;148;0;19.3;67.92
16;149;0;22.1;62.25
16;150;0;22.1;71.75
16;151;0;23.1;58.71
16;152;0;22.2;52.29
16;153;0;22.3;65
16;154;0.1;23.1;67.21
16;155;0;22;66.04
16;156;24;19.2;86.71
16;157;5;19.3;78.08
16;158;0.2;19.7;77.46
16;159;0;19;73.71
16;160;0.3;18.4;77.17
16;161;0.8;16.2;72.17
16;162;2.1;15.3;86.92
16;163;0.3;18.1;89.5
16;164;3.7;18.6;84.79
16;165;2.5;16.9;85.04
16;166;1.5;16.1;80.42
16;167;0;18;68.42
16;168;0;20.1;64.38
17;1;8.2;6.6;85.63
17;2;9.3;1.6;89.08
17;3;0;2.6;80.88
17;4;0;7.7;64.67
17;5;0.1;9;65.38
17;6;1.6;7.2;68.5
17;7;3.3;3;92.96
17;8;1.8;4.8;85.75
17;9;0;5.8;69.04
17;10;1.2;9.5;60.83
17;11;0.1;7.9;73.67
17;12;3.6;4.8;87.67
17;13;0;1.8;94.88
17;14;4;4.9;84.21
17;15;3.5;6.3;86.5
17;16;0;5.9;75.29
17;17;0;3.9;83.38
17;18;0;1.9;87.75
17;19;0;3.8;74.75
17;20;0;7.1;77.63
17;21;0;9;66.71
17;22;0;7.2;65.54
17;23;6.6;7;67.63
17;24;2;5.5;78.25
17;25;12.8;4.7;93.38
17;26;0.1;10.4;82.5
17;27;2.4;8.4;81.38
17;28;0.1;6.2;64.75
17;29;4.9;5;92.38
17;30;0;6.8;66.29
17;31;0;7.2;57.58
17;32;0;7.2;69.08
17;33;0;10.6;46.63
17;34;0;13.6;45.13
17;35;3.4;10.8;79.42
17;36;0.4;12.8;82.21
17;37;0;15.5;64.46
17;38;2.1;15.4;61.75
17;39;0;12.1;83.04
17;40;0;7.7;85.92
17;41;0;8.8;81.71
17;42;0;8.1;78.04
17;43;0.3;7.7;67.21
17;44;0.6;8.3;85.83
17;45;0;9.4;86.17
17;46;0;12.2;72.58
17;47;0;11.1;68.29
17;48;2.4;6.6;72.33
17;49;5.2;8.8;83.54
17;50;0.5;7.5;78.33
17;51;0;7.5;70.46
17;52;3.6;7.3;80.17
17;53;2.7;5;82.25
17;54;1.5;5.1;78.96
17;55;1.1;3.3;84.04
17;56;0.2;1.9;68.17
17;57;0;3.1;61.54
17;58;0.8;8.9;65.38
17;59;0.5;5.9;75.21
17;60;1.2;4.9;74.08
17;61;0;7.8;61.79
17;62;1;6.5;72.13
17;63;0;5.6;64.79
17;64;0;6.4;63.08
17;65;0.1;8.2;54.17
17;66;0;6.6;67.79
17;67;0;8;63.29
17;68;0.2;10.6;61.79
17;69;6.4;8.5;85.46
17;70;0.5;10.4;83.58
17;71;4.6;7.7;93.54
17;72;0;8.6;96.96
17;73;0;11.8;86.13
17;74;0.4;12.7;72.54
17;75;0.9;7.4;83.46
17;76;0.4;5.3;74.38
17;77;0;8.2;65.96
17;78;0;13.1;56.29
17;79;7.4;15.4;69.58
17;80;3.3;15;87.83
17;81;0.5;15.3;79.25
17;82;0;14.9;68
17;83;0.8;15.9;67.54
17;84;0;19.7;60.33
17;85;0;21.6;56.67
17;86;0;21.3;64.46
17;87;0;14.8;65
17;88;0;16;54.38
17;89;0;16.7;50.58
17;90;0.1;18.1;54.75
17;91;0;13.2;61.25
17;92;0;13.9;69.67
17;93;0;17.1;71.58
17;94;0;20.4;52.42
17;95;0;23.2;47.54
17;96;0;24.1;57.42
17;97;5.1;22;70.13
17;98;0;17.5;66.21
17;99;0;15.3;53.04
17;100;0;19.3;38.75
17;101;4.7;17.3;70.38
17;102;13.7;15.4;86.25
17;103;0.9;15.6;73.25
17;104;5.4;16.5;79.46
17;105;3.3;12.9;72.92
17;106;0;15.3;69.58
17;107;0;18.5;65.04
17;108;0;17.5;64.21
17;109;0.7;21.3;58
17;110;0;18.5;61.92
17;111;0;15.5;66.04
17;112;0;16.7;64.88
17;113;7.3;20.5;57.29
17;114;6.3;15.8;81.58
17;115;0;15.5;68.33
17;116;0;19.1;70.67
17;117;0;23.5;56.17
17;118;0;23.4;57
17;119;0;17.9;56.79
17;120;21.7;19.8;65.63
17;121;0.1;19;76.42
17;122;0.1;19.3;68.96
17;123;5.4;17.9;79.04
17;124;1.1;15.6;79.79
17;125;0;16.4;66.25
17;126;6.5;19.1;79.79
17;127;29.7;17.3;94
17;128;3.9;16.2;85.17
17;129;5.9;15.2;89.17
17;130;0.4;15.1;83.92
17;131;1.4;16.5;65.21
17;132;0;15.9;70.63
17;133;0.2;15.6;74.08
17;134;0.1;19.5;65.92
17;135;14.2;21;69.5
17;136;0.1;19.1;81.38
17;137;0.8;17.9;78.17
17;138;17.6;18.2;86.5
17;139;0;18.3;77.25
17;140;9.4;15.7;91.08
17;141;0;13.6;75.17
17;142;0;15.9;66.42
17;143;0;16.2;74.38
17;144;0.9;17.3;74.29
17;145;0;17.2;78.25
17;146;0;18.3;65.79
17;147;0.9;21.9;64.17
17;148;1.4;20.5;85
17;149;0;20.6;71.67
17;150;5.1;20;85.63
17;151;0;18.9;80.25
17;152;18.5;17.1;74.08
17;153;17.7;14.4;97.13
17;154;22.8;14.9;95.79
17;155;7.6;16.5;88.88
17;156;0;17.3;73.21
17;157;0;19.2;70.92
17;158;0;23.9;61.67
17;159;6.1;22;68.04
17;160;0.2;22.1;74.67
17;161;0.3;20.8;75.08
17;162;0;21.6;75.88
17;163;0;20.1;65.04
17;164;0;17.4;79.38
17;165;0;16;71.21
17;166;0;17.2;63
17;167;0;20;62.42
18;1;0;-3.8;66.5
18;2;0;-3.6;61.13
18;3;0.1;-6.1;66.38
18;4;0;-7;73.71
18;5;0;-8.3;59
18;6;0;-10.3;67.42
18;7;0;-9.6;65.42
18;8;0;-9.2;65.42
18;9;0;-7.9;62.71
18;10;0.7;-2.7;57.83
18;11;0;2.6;73.54
18;12;7;-0.2;87.79
18;13;1.5;0.3;98.63
18;14;2.9;4.2;82.67
18;15;0.9;3.8;80.42
18;16;0.4;7;88.13
18;17;0;10.1;83.96
18;18;9.3;8.5;95.38
18;19;11.2;7.4;89.21
18;20;0.3;2.6;94
18;21;0;2.6;88.58
18;22;1.5;-1.3;91.21
18;23;0;-4.8;66.88
18;24;0;-3.8;50.25
18;25;0;-2.8;50.08
18;26;2.5;-2.4;81.25
18;27;0;0;71.29
18;28;2.2;1.2;91.96
18;29;0.1;1.8;95.17
18;30;0;2;85.75
18;31;0;5;69.38
18;32;0;5.1;76.21
18;33;2.1;3.3;75.38
18;34;4.5;0.9;97.96
18;35;0.4;4.5;80.5
18;36;0.3;5;78.71
18;37;1.8;1.5;95.04
18;38;0.3;0.9;90.83
18;39;1.9;3.9;72.96
18;40;0;11.5;73.79
18;41;3.7;13.9;65.67
18;42;1.2;8.6;76.33
18;43;0;5.8;64.83
18;44;0;11.8;48.33
18;45;0;13.4;61.54
18;46;0;14.8;59.92
18;47;0.6;16.3;58.33
18;48;0.5;13.6;79.5
18;49;0;15.6;71.5
18;50;10.4;14.6;78.79
18;51;0;13;81.5
18;52;1.7;14.4;78.04
18;53;3;12.2;92.63
18;54;0;13.8;71.21
18;55;0;17.1;59.54
18;56;0;18.3;58.63
18;57;0;20.4;55.92
18;58;0;16.9;57.25
18;59;2.7;17.1;60.58
18;60;0.8;15.7;71.71
18;61;0.2;11.8;75.25
18;62;3;11.9;75.04
18;63;1.9;8.2;83.67
18;64;0;10.1;67
18;65;0;14.9;52.21
18;66;0;17.8;55.17
18;67;0.1;15.4;65
18;68;0;11.3;50.67
18;69;0;10.5;61.58
18;70;0;13;57.25
18;71;0;12.2;47.96
18;72;0;13;51.67
18;73;0;15.4;56.92
18;74;0;17.3;54.79
18;75;0;18.7;50.92
18;76;0.2;19.9;54.79
18;77;0.2;19.1;70.04
18;78;0;13.5;79.58
18;79;0;16.8;75.79
18;80;0;20.4;56.21
18;81;0;19.2;44.08
18;82;2.8;15.6;63.83
18;83;0.2;14.8;84
18;84;0;14.4;73.21
18;85;0;11;78.71
18;86;0;14.1;70
18;87;0;16.2;43.46
18;88;0;17.4;45.46
18;89;0;18.5;44.13
18;90;0;19.5;46.38
18;91;0;19.8;51.21
18;92;0;20.4;49.83
18;93;0;20.6;51.79
18;94;11;19.8;68.83
18;95;0;23.9;58.04
18;96;0;25.3;49.21
18;97;7.6;21.7;68.5
18;98;0;23.8;61.08
18;99;1.5;22.3;69.38
18;100;0;19;85.29
18;101;0.2;18.8;83.33
18;102;0;20.2;73.63
18;103;0;18.1;68.88
18;104;0;18.6;45.58
18;105;0;21.2;40
18;106;0;24;35.79
18;107;0;24.9;46.58
18;108;4.6;21.2;74.33
18;109;0;18.6;67.67
18;110;0;15.7;64.58
18;111;0;13.8;72.08
18;112;0;16.8;52.83
18;113;0;18;66.71
18;114;0;21.3;54.63
18;115;0;19.7;55.54
18;116;0;18.6;58.79
18;117;0;20.1;63.88
18;118;0;21.5;65.58
18;119;0.6;17;65
18;120;1;12.4;69.88
18;121;2.9;11.6;85.04
18;122;0.7;11.9;90.88
18;123;0;15.4;77
18;124;0;17.2;68.71
18;125;0;18.1;62.63
18;126;0;21;58.04
18;127;0;21.8;50.75
18;128;0;16.7;48.25
18;129;0;16.3;46.58
18;130;0;17.3;46.13
18;131;0;21.2;36.17
18;132;0;24.4;33.88
18;133;0;24.8;39.54
18;134;0;17.9;61.29
18;135;0;18.1;53
18;136;0;19.1;63.13
18;137;0;18.4;59.67
18;138;0.3;15.8;64.17
18;139;23.1;16.3;74.13
18;140;5.5;17.1;85.08
18;141;0;20.5;65
18;142;0;18.7;66.08
18;143;0;18.9;59.92
18;144;0;21.9;54.42
18;145;0;24;49.25
18;146;0;21.1;56.83
18;147;0;20.4;56.63
18;148;0;21.5;46.67
18;149;0;22.4;45.71
18;150;0;21.7;59.13
18;151;0;22.1;58.5
18;152;0;24.7;51.75
18;153;0;26.2;49.71
18;154;0;26.3;47.54
18;155;0;25.3;55.08
18;156;8.2;24.3;64.71
18;157;0;21.7;69.46
18;158;0;26.9;49.5
18;159;0.5;29;39.75
18;160;3.1;24.7;62.38
18;161;0.2;23.2;69.88
18;162;0;26.6;44.5
18;163;0.9;27.1;45.13
18;164;0;20.6;60.54
18;165;0;22.1;48.54
18;166;0;27.6;34
18;167;0.4;28;41.92
